{"cameraMode":{"drawMode":0,"name":"Shaded","section":"Shading Mode"},"sceneLighting":false,"audioPlay":false,"sceneViewState":{"m_AlwaysRefresh":false,"showFog":true,"showSkybox":false,"showFlares":true,"showImageEffects":true,"showParticleSystems":true,"showVisualEffectGraphs":true,"m_FxEnabled":true},"in2DMode":false,"pivot":{"x":1.0139400959014893,"y":-1.7030208110809327,"z":3.188041925430298},"rotation":{"x":0.007369533181190491,"y":0.9925448894500732,"z":-0.09257419407367706,"w":0.07907148450613022},"size":7.990194320678711,"orthographic":false}