{"cameraMode":{"drawMode":0,"name":"Shaded","section":"Shading Mode"},"sceneLighting":true,"audioPlay":false,"sceneViewState":{"m_AlwaysRefresh":false,"showFog":true,"showSkybox":true,"showFlares":true,"showImageEffects":true,"showParticleSystems":true,"showVisualEffectGraphs":true,"m_FxEnabled":true},"in2DMode":false,"pivot":{"x":29.464752197265626,"y":-16.984647750854493,"z":48.743690490722659},"rotation":{"x":-0.17151376605033875,"y":-0.26048916578292849,"z":0.047080788761377338,"w":-0.9489530920982361},"size":50.654300689697269,"orthographic":false}