{"cameraMode":{"drawMode":0,"name":"Shaded","section":"Shading Mode"},"sceneLighting":true,"audioPlay":false,"sceneViewState":{"m_AlwaysRefresh":false,"showFog":true,"showSkybox":true,"showFlares":true,"showImageEffects":true,"showParticleSystems":true,"showVisualEffectGraphs":true,"m_FxEnabled":true},"in2DMode":false,"pivot":{"x":-0.5624020099639893,"y":0.16273093223571778,"z":0.10333561897277832},"rotation":{"x":0.13210855424404145,"y":0.5861502289772034,"z":-0.09760206937789917,"w":0.7933785915374756},"size":3.6084771156311037,"orthographic":false}