{"cameraMode":{"drawMode":0,"name":"Shaded","section":"Shading Mode"},"sceneLighting":false,"audioPlay":false,"sceneViewState":{"m_AlwaysRefresh":false,"showFog":true,"showSkybox":false,"showFlares":true,"showImageEffects":true,"showParticleSystems":true,"showVisualEffectGraphs":true,"m_FxEnabled":true},"in2DMode":false,"pivot":{"x":-0.4200711250305176,"y":1.0232529640197755,"z":0.5673618316650391},"rotation":{"x":0.02621234580874443,"y":0.6847077012062073,"z":-0.024666737765073777,"w":0.7279434204101563},"size":2.125216245651245,"orthographic":false}