{"cameraMode":{"drawMode":0,"name":"Shaded","section":"Shading Mode"},"sceneLighting":false,"audioPlay":false,"sceneViewState":{"m_AlwaysRefresh":false,"showFog":true,"showSkybox":false,"showFlares":true,"showImageEffects":true,"showParticleSystems":true,"showVisualEffectGraphs":true,"m_FxEnabled":true},"in2DMode":false,"pivot":{"x":0.05700001120567322,"y":0.33000001311302187,"z":13.180000305175782},"rotation":{"x":0.3566719591617584,"y":0.6121145486831665,"z":-0.3594822585582733,"w":0.6073671579360962},"size":2.7441799640655519,"orthographic":false}